username,name,age,picture,gender,bio,location,class,# of comments
_walkwoman_,Ashley Walker,19,pfp1._walkwoman_.jpeg,Female,"~~friends, food & sunshine~~",,normal,7
caffeinated,Tiana Brown,18,pfp2.caffeinated.png,Female,still trying to make the perfect #cappucino,,normal,11
bradlee,Bradley Reed,19,pfp3.bradlee.jpeg,Male,Mango mango = best dessert place,"New York, NY",normal,3
breethebaker,Breanne Carman,18,pfp4.breethebaker.jpeg,Female,squishmallow mom :D,SLC,normal,5
kingsaqueen,Anna King,20,pfp5.kingsaqueen.jpeg,Female,slaying it tonight,"Akron, OH",normal,11
lukas_m,Lukas Martin,20,pfp6.lukas_m.jpg,Male,Nothing special,"Stamford, CT",normal,7
karkarw,Karmen Worth,18,pfp7.karkarw.png,Female,Fine dining enthusiast,"Riverside, CA",normal,11
jonsmith88,Jonathan Smith,31,pfp8.jonsmith88.jpeg,Male,"Photography üì∑, Travelling ‚úàÔ∏è, Music üéµand Food üç± Lover KAMALA4PRES",New York,normal,9
janeross,Jane Ross,19,pfp9.janeross.jpeg,Female,always willing to try out something new ;),"Brooklyn, NY",normal,10
ancho-n-cayenne,Yalonda Carter,22,pfp10.ancho-n-cayenne.jpeg,Female,The spice of life... is spice! üå∂Ô∏èüå∂Ô∏è,"Baltimore, MD",normal,11
ededdneddy,Eddy Johnson,23,pfp11.ededdneddy.jpeg,Male,living my best life,Jupiter,normal,
NoahM1121,Noah Marshall,28,pfp12.NoahM1121.jpeg,Male,breakfast all day,PA,normal,
james_c,James,29,pfp13.james_c.jpeg,Male,just me.,"Syracuse, NY",normal,
honeylove,Kaylee,20,pfp14.honeylove.jpeg,Female,"My momma always said ""Life' s like a box of chocolates, you never know what you're gonna get"" üåü","Grand Rapids, MI",normal,10
KatieeeM,KatieeeM,24,pfp15.KatieeeM.jpeg,Female,May the (food) force be with you always,Tatooine,normal,10
jupiterpride,Jamie Taggart,26,pfp16.jupiterpride.jpeg,Female,"eating whatever and having a blast in Jupiter, FL!",FL,normal,11
priscilla_lu,Priscilla Lu,23,pfp17.priscilla_lu.jpeg,Female,ü§™,,normal,5
a_beatles_fan,Beatles Fan Account,22,pfp18.a_beatles_fan.jpg,Female,Appreciating the Beatles is an everyday ritual,,normal,
tastyrobot,TastyHae,24,pfp19.tastyrobot.jpg,Female,"i'd say that fast food is my guilty pleasure, but I don't actually feel guilty about it.","San Franciso, CA",normal,10
suzards,Suzanne Richards,19,pfp20.suzards.jpg,Female,,,normal,7
dana84,Dana Cox,21,pfp21.dana84.png,Female,"It's me, Dana.","Ann Arbor, MI",normal,10
SamTHEMAN,Sam Kaldis,23,pfp22.SamTHEMAN.jpg,Male,"UNC '21 Just looking for good friends, good food and good times","Green Bay, WI",normal,1
artisanalways,Riya Patel,27,pfp23.artisanalways.png,Female,artisan mugs and artisan hugs,"North Hempstead, NY",normal,10
janereeed,Jane Reed,18,pfp24.janereeed.png,Female,Adulting is hard so I'm taking pics to prove to myself that I can do it!,"White Plains, NY",normal,10
youngcunningham,Michael Cunningham,22,pfp25.youngcunningham.jpg,Male,football is life.,TN,normal,5
juliag26,Julia Giovanucci,22,pfp26.juliag26.jpeg,Female,California girl üåû sunshine in my soul,"Anaheim, CA",normal,11
mewranda,Miranda Peterson,22,pfp27.mewranda.png,Female,Cat & Food & Love,Home with 6 cats,normal,10
sydthebaker,Sydney Hines,20,pfp28.sydthebaker.png,Female,"sweet baking, savory baking... if the oven's on, I'm in.",SLC,normal,4
pr1ncessdiana,diana,25,pfp29.pr1ncessdiana.jpg,Female,Moscow üá∑üá∫ to üá∫üá∏ NYC,NYC,normal,1
lucyinurdreams,Lucy Gregory,21,pfp30.lucyinurdreams.png,Female,"Cooking is like painting. Like colors, there are only so many flavors - it's how you combine them that sets you apart.",NYC,normal,4
KamiT,Tracy Kam,18,pfp31.KamiT.jpg,Female,Taking you on my food journeys <3,"Pasadena, CA",normal,7
Lisaaa84,Lisa Wagner,19,pfp32.Lisaaa84.jfif,Female,if you know me :P you'll know where to find me ;),,normal,
BeatDaTrice,Beatrice Daniels,28,pfp33.BeatDaTrice.jpeg,Female,No place is a bad place to eat :),"Memphis, TN",normal,
sofiaberger,Sofia Berger,22,pfp34.sofiaberger.jpeg,Female,Warm food warm soul,"Raleigh, NC",normal,
ArchiesAdventures,Archie,19,pfp35.ArchiesAdventures.jpg,Male,"My name is Archie, and I'm a good boy! Follow for smiles üê∂",,normal,
sweetietooth,Wendy,19,pfp36.sweetietooth.jpeg,Female,"I have a constant sweet tooth, so I like anything from the bakery, like cupcakes, cookies.","Champaign, IL",normal,11
anabohnana,Ana,18,pfp37.anabohnana.jpg,Female,everything is better with üç´üç´üç´,willy wonka world,normal,
vilbert,Viola,23,pfp38.vilbert.jpg,Female,"no thoughts, just tacosüåÆüåÆ",austin,normal,
angeletti,Angela Laretti,23,pfp39.angeletti.jpeg,Female,"If you didn't take a picture, did it really happen? ü§î",Las Vegas,normal,5
chaelson,Rachael Anderson,26,pfp40.chaelson.jfif,Female,life's a joy,"Boston, MA",normal,
daharms,Brenda Harms,21,pfp41.daharms.jpeg,Female,she's fine dining,"New York, NY",normal,11
aliu,Alex Liu,35,pfp42.aliu.jpeg,Male,Food makes me happy. I want to share the happiness with you!,Sunny Los Angeles,normal,1
debby_sims,Debra Simmons,19,pfp43.debby_sims.jpeg,Female,,UNC,normal,10
lisapowell,Elisa,23,pfp44.lisapowell.jpeg,Female,Hi,CA,normal,
MannyDL34,Manuel De Leon,27,pfp45.MannyDL34.jpeg,Male,gotta eat em all,,normal,1
sweetpea,Ana Yates,25,pfp46.sweetpea.jpeg,Female,the best thing in life is seeing my mom's face when I cook for *her* for a change,"Charlotte, NC",normal,
livymilly,Olivia Miller,20,pfp47.livymilly.jpeg,Female,WA | AŒ¶Œ©,"Seattle, WA",normal,8
kikokano,Yukiko Nakano,20,pfp48.kikokano.jpeg,Female,"Connoiseur of the finer things in life, like wine and pizza rolls",CA,normal,1
tarakha,Tara Khatri,20,pfp49.tarakha.jpeg,Female,,WI,normal,
ria_camiii,Valerie Cameron,28,pfp50.ria_camiii.jpeg,Female,a smile is never the wrong decision,"Wichita, KA",normal,1
snowbird,Jake Owens,19,pfp51.snowbird.png,Male,eat + sleep + tear it up,"Burlington, VT",normal,
donuts4me,Heather Goldstein,19,pfp52.donuts4me.jpg,Female,You always deserve a cheat day :),"Westchester, NY",normal,4
poolsey,Lindsey Poole,19,pfp53.poolsey.jpg,Female,Hey,Ohio,normal,1
janielee,Janie Lee,21,pfp54.janielee.jpg,Female,Insert pretentious stuff about myself here,"Tampa, FL",normal,10
JuniperQ,JuniperQ,21,pfp55.JuniperQ.png,Male,,AMERICA,normal,
robeats,Robert Sewall,21,pfp56.robeats.jpg,Male,seriously you want me to write a bio,,normal,9
sweetcakers,Catherine J,30,pfp57.sweetcakers.jpeg,Female,Sweet's a lovin',Montana,normal,2
pomipomi,Omi Park,20,pfp58.pomipomi.png,Male,,"Pasadena, CA",normal,9
kaykay027,Kaylee Scott,20,pfp59.kaykay027.jpeg,Female,life's about adventure so go out and check it out,"Seattle, WA",normal,12
laurenchou3,Lauren Chou,28,pfp60.laurenchou3.jpg,Female,ùò£ùò¶ ùò¨ùò™ùòØùò• ùòµùò∞ ùò∫ùò∞ùò∂ùò≥ùò¥ùò¶ùò≠ùòß :),"Los Angeles, CA",normal,
eric_hz,Eric Hernandez,18,pfp61.eric_hz.jpg,Male,lmhs ‚Äò21 | unc ‚Äò25,"Chapel Hill, NC",normal,5
nathan89,Nathan Greene,18,pfp62.nathan89.jpeg,Male,ecu ‚Äò25 üèä‚Äç‚ôÇÔ∏è üåä,"Greenville, NC",normal,1
jhalll,Jackson Hall,19,pfp63.jhalll.jpeg,Male,fsu ‚Äò24 sc: jhall3,"Tallahassee, FL",normal,2
kdlee,K.D. Lee,21,pfp64.kdlee.jpg,Male,ucla 22,"Los Angeles, CA",normal,1
jcoop,Cooper Johnston,20,pfp65.jcoop.jpg,Male,nyu,NYC,normal,4
sam3872,Sam G,25,pfp66.sam3872.png,Male,nashville,"Nashville, TN",normal,1
avi_patell,Avinash Patel,19,pfp67.avi_patell.jpg,Male,uva ‚Äò24 sc: avipatel,Virginia,normal,2
juan_photography,Juan,23,pfp68.juan_photography.png,Male,just for fun :),,normal,2
owen_the_oven,owen's spam,22,pfp69.owen_the_oven.png,Male,idk what i‚Äôm doing anymore,,normal,1
ian7298,Ian7298,20,pfp70.ian7298.png,Male,214üìç,"Dallas, TX",normal,1
alysssa_b,Alysssa,22,pfp71.alysssa_b.png,Female,‚òÅÔ∏èü™êüçµ,"San Fransico, CA",normal,
c_russ,Caleb,23,pfp72.c_russ.png,male,Live as if it's your last day,,normal,
alf_e,Alfredo,20,pfp73.alf_e.png,male,Pre-Law | Sprezzatura,,normal,
dariank,Darian Koda,22,pfp77.dariank.jpeg,Male,"traveling photographer, dm for commissions! | sorry mom | UCLA '21","Los Angeles, CA",normal,4
greatnathan_12,Nathan Brown,28,pfp78.greatnathan_12.jpeg,Male,"""Be yourself, because those who matter don't mind and those who mind don't matter""","Concord, NC",normal,5
Harry_cost1991,Harry Cost,30,pfp79.Harry_cost1991.jpeg,Male,i don't know how instagram works,"Boise, ID",normal,4
willjkares,Will Karrington,22,pfp80.willjkares.jpeg,Male,unc alum,"Chapel Hill, NC",normal,5
davidplayshockey,David Yi,26,pfp81.davidplayshockey.jpeg,Male,"Yes, this is my LinkedIn photo --> linkedin/com/user/DavidYi","San Diego, CA",normal,2
Sharmathecharma,Aria Sharma,19,pfp82.Sharmathecharma.jpeg,Male,"certified bro, wolfpack '24","Raleigh, NC",normal,4
julian.lifts,Julian Enriquez,28,pfp83.julian.lifts.jpeg,Male,He/him; fitness is lyfe,"Orlando, FL",normal,3
br.richards,Brandon Richards,18,pfp84.br.richards.jpeg,Male,üôè,"Burlington, NC",normal,4
dommc1,Dom McIntyre,21,pfp85.dommc1.png,Male,336 ‚û°Ô∏è 919,"Raleigh, NC",normal,4
realvictorpatel,Victor Patel,20,pfp86.realvictorpatel.jpeg,Male,"""Do not kill the part of you that is cringe... kill the part that cringes.""","Oswego, NY",normal,3
healthyppl,Health for Everyone,,health4everyone.png,,Health for Everyone‚Äôs official source for daily health and safety updates.,"San Diego, CA",Food Ad,
turnerj,Jackie Turner,18,JackieTurner.jpg,Female,Loving life. It‚Äôs the green for me.,,Food Ad,
heartsorg,Healthy Hearts Organization,,HealthyHeartsOrg.png,,There are so many ways to keep your body feeling good! Follow us to learn how.,"Atlanta, GA",Food Ad,
ballerj,Nick Jones,21,NickJones.jpg,Male,You can find me on the court or in the gym. Do you shawty.,"Charlotte, NC",Food Ad,
CHP,Center for Health Promotion,,cntr4HP.png,,A healthy outside starts from the inside.,"Arlington, VA",Food Ad,
girlyT,Tyler Harris,18,TylerHarris.jpg,Female,JMHS Class of 2022. Dogs > Humans. Living my best life.,"Arlington, VA",Food Ad,
lisbeth111,Elisabeth Roy,22,e_roy.jpeg,Female,NYU Class of 2023,"New York, NY",Drinking,
annabsmith,Anna Smith,20,pfp19-20.jpeg,Female,NYC ‚ù§Ô∏è | Find Your Passion,"New York, NY",Drinking,
chapman_jamie,Jamie Chapman,20,pfp99-100.jpg,Female,Mostly photos of my dog,"New York, NY",Drinking,
nathanblake,Nathan Blake,23,pfp15-16.jpeg,Male,"Outdoors | Stop stressing, start living",,Drinking,
clarissa8,Clarissa Reece,21,image-12.png,Female,my personal picture book,"New York, NY",Drinking,
bftaylor,Brian Taylor,22,pfp22.jpeg,Male,Gentleman & a Scholar,"New York, NY",Drinking,
alexa.miller,Alexa Miller,21,pfp62-63.jpeg,Female,"How am I supposed to live, laugh, love in these conditions?",,Drinking,
claire_bouf,Claire Boufde,21,claire_b.jpg,Female,Runnin‚Äô on cold brew and sunshine‚òÄÔ∏è,"Los Angeles, CA",Drinking,
annemarie,Anne Marie Williams,21,pfp72-73.JPG,Female,"üìçhere, there, & everywhere","Los Angeles, CA",Drinking,
ktjordan075,Katie Jordan,20,pfp7-8.jpeg,Female,LA Baby ü¶ã,"Los Angeles, CA",Drinking,
maddie_lee,Maddie Kenley,20,image-1.png,Female,& it‚Äôs all alright | NYU 2023,,Drinking,
cmthompson03,Christian Thompson,21,pfp5-6.jpeg,Male,We‚Äôre all alone in this together  ,"Los Angeles, CA",Drinking,
justinb0862,Justin Beck,22,pfp80-81.jpeg,Male,For the Gains üí™üèº,,Drinking,
itschelsea,Chelsea Potratz,24,pfp1-2.jpeg,Female,"üíÑMUA | if I like it, I do it","Los Angeles, CA",Drinking,
nickmoree13,Nick Macguire,18,n_more.png,Male,living my best life ,,Vaping Study,
mianahyde,Miana Hyde,17,m_hyde.png,Female,#BLM,,Vaping Study,
marchii2,Mary Chester,16,marchi.png,Female,boba. All the boba,,Vaping Study,
laura_tran,Laura Tran,19,l_tran.png,Female,give me all the sunshine (and puppies),,Vaping Study,
luke_porter3,Luke Porter,17,l_porter.png,Male,"Photography, traveling to awesome places",,Vaping Study,
alicia_murary,Alicia Murary,16,a_murary.png,Female,Love all my insta sister,,Vaping Study,
arianabuda22,Ariana Buda,17,ari_buda.png,Female,Illustrator. Traveler. Adventure seeker. ,,Vaping Study,
anabohnana,Ana,18,2913_79168357874_504857874_1875291_3127690_n.jpg,Female,everything is better with üç´üç´üç´,willy wonka world,ZA,
ben_park,Benji Park,27,6a44ddcf-e8b4-4950-b53b-fc371b7980bd.jpg,Male,calories don't count if you don't count 'emüòâ,No where!,ZA,
vilbert,Viola,23,20191207_152953.jpg,Female,"no thoughts, just tacosüåÆüåÆ",austin,ZA,
maurine_hume,Maurine Hume,33,2202061519_2b47a5077c_z.jpg,Female,"Connoiseur of the finer things in life, like wine and pizza rolls",CA,ZA,
ededdneddy,Eddy Johnson,24,10731353084_c17a5fcd20_b.jpg,Male,living my best life,Jupiter,ZA,
angelbao,Angela Ng,27,50074011633_27d6b9f0c4_b.jpg,Female,"If you didn't take a picture, did it really happen? ü§î",Las Vegas,ZA,
cassiechan,Cassie Chan,20,13001796540654.jpg,Female,,,ZA,
bxssiem,Bessie Murphy,21,b-murphy.jpg,Female,dog mom üê∂üê∂,with my dogs,ZA,
,,,bot1.jpg,,,,ZA,
,,,bot12-1.jpeg,,,,ZA,
,,,bot43.jpg,,,,ZA,
aleeboi,Alex Lee,35,Bot-SP18.24.png,Male,Food makes me happy. I want to share the happiness with you!,Sunny Los Anageles,ZA,
ayoitsayo,Maui Ayo,26,Bot-SP18.23.png,Male,"What's up, guys! Let me see some goodies ova here.","Honolulu, HI",ZA,
B.Mike,Mike B.,33,Bot-Sp18.8.jpg,Male,Journey to a healthier life. Blink gym is my home. #RunFatBoyRun,"Scottland -> Brooklyn, NY",ZA,
bblueberryy,bblueberryy,26,155.jpg,Female,living the vegan life since 2010,"Jefferson City, MO",ZA,
BeardedMatt,Matthew McConville,33,Bot-Sp18.1.jpg,Male,Eating all the ribs with my blue eyes. BBQ side options: mac n' cheese + beans,Home @TX,ZA,
dana84,Dana Cox,34,Bot-SP18.18.png,Female,"It's me, Dana.","Ann Arbor, MI",ZA,
,,,Bot-SP18.19.jpg,,,,ZA,
DonDonDonna,DonnaHAMMERSMITH,30,Bot-Sp18.6.jpg,Female,"RN at Mercy Hospital. üòã Open Relationship with @MikeNüìç Fort Smith, AR",Arkanas,ZA,
EmmaSmith0214,Emma Smith,33,Bot-Sp18.7.jpg,Female,üì± Social Media Specialist. Corgi mama. Buffalo Wings Supporter. <3 WNY,Online 24/7,ZA,
jiruletheworld,Jin Ying,23,Bot-SP18.22.png,Male,"Workout üèã, Travel ‚úà, Eat üç¥",,ZA,
TimBJenkins,Dad Jenkins,42,Bot-Sp18.14.jpg,Male,Husband of a strong businesswoman and father of a beautiful ballerina,,ZA,
KatieeeM,KatieeeM,25,Bot-Sp18.9.JPG,Female,May the (food) force be with you always,Tatooine,ZA,
mariaann,mariaann,38,Bot-Sp18.12.JPG,Female,,Santa Fe!!!,ZA,
PatelS,Shristi Patel,25,Bot-Sp18.5.jpg,Female,Not your every day Indian girl who loves butter chicken.,Wakanda or Hogwarts,ZA,
sweetietooth,Wendy,42,Bot-SP18.17.png,Female,"I have a constant sweet tooth, so I like anything from the bakery, like cupcakes, cookies.","Champaign, IL",ZA,
chefricky,Ricky Hopkins,41,Bot-SP18.20.png,Male,"The simplest things in life give me the most pleasure: cooking a good meal, enjoying my friends.",Texas,ZA,
lucyinurdreams,Lucy Gregory,28,Bot-SP18.21.png,Female,"Cooking is like painting. Like colors, there are only so many flavors - it's how you combine them that sets you apart.",NYC,ZA,
masterchefterry,masterchefterry,32,Bot-Sp18.13.JPG,Male,I'm a chef with a side job as lawyer,"Washington, DC",ZA,
MedicalRyan,Ryan Loves TACO,28,Bot-Sp18.2.jpg,Male,MD Student at UCLA. TACOS üåÆ TACOS üåÆ TACOS üåÆ TACOS üåÆ TACOS üåÆ,"West coast, best coast",ZA,
this_jack,Jack Boy,26,Bot-Sp18.4.jpg,Male,üòÇ It's a car air freshner that I stick into my nose.,"New York, NY",ZA,
TimBJenkins,Dad Jenkins,42,Bot-Sp18.14.jpg,Male,Husband of a strong businesswoman and father of a beautiful ballerina,,ZA,
evecosta,Evelyn Costa,20,e-costa.jpg,Female,always looking for an adventure,my iphone,ZA,
ashiNG,Ashley Ng,21,eveybarns.jpg,Female,Hand me a fork and pass the salt,"Boston, MA",ZA,
,,,frame1.png,,,,ZA,
goobleaf,Lindsey Patete,24,goobleaf.jpg,Female,spirtual healer üå∏üåç,portland,ZA,
,,,image-5.png,,,,ZA,
pacniti,Ella Hoffman,21,pacniti.jpg,Female,mind body soul,boston,ZA,
StargalFunky,Sonya Hill,20,StargalFunky.jpeg,Female,beauty is my passion,twentieth trip around the sun,ZA,
dominguez2,victoria dominguez,25,IMG_2539lkjkj.jpg,Female,latina. xoxo.,TX,ZA,
jonnyboyca,jonnyboyca,18,IMG_2826.jpg,male,internet human,do you need to know?,ZA,
snowbird,Jake Owens,22,image-120.png,Male,,"Burlington, VT",ZA,
lisapowell,Elisa,21,IMG_1408.JPG,Female,Hi,"Laguna Beach, CA",ZA,
phyllisherrera48,Phyllis H,48,IMG_20190530_163355.jpg,Female,"Proud wife, mother, and food enthusiast",utah,ZA,
JiLi8,Jiang Li,22,jiang-li.jpg,Female,they call me Ji,3020,ZA,
siennasings,Sienna Jukes,23,s-jukes.jpg,Female,human jukebox,Detroit,ZA,
Krypto4me,Daniel Eichner,22,Krypto4me.jpg,Male,dogecoin to the moon üåù,wall street,ZA,
mr_worldwide,Lucio Gabrielli,38,lucio.g.jpg,Male,No one likes a good pizza as much as I do,Jersey Shore,ZA,
cantbeatme,Qin Chiu,27,men42.png,Male,HMU if you found a food challenge for me :),Hawaii,ZA,
Smitty12,Dennis Smith,24,men60.png,Male,Lover of all things Boston,"Boston, MA",ZA,
sweetcakers,Catherine J,20,Pic-with-pets.jpeg,Female,Sweet's a lovin',"Dallas, TX",ZA,
gwenfromtheblock,GwenfromtheBlock,28,person 3.jpg,Female,Traveller ‚úàÔ∏èüöÉüöò,Nashville,ZA,